{"name":"7204c073-4c80-4aee-a7ee-e2c30c70d597","id":"/providers/Microsoft.Flow/flows/7204c073-4c80-4aee-a7ee-e2c30c70d597","type":"Microsoft.Flow/flows","properties":{"apiId":"/providers/Microsoft.PowerApps/apis/shared_logicflows","displayName":"Test - Leave request approval","definition":{"metadata":{"workflowEntityId":null,"processAdvisorMetadata":null,"flowChargedByPaygo":null,"flowclientsuspensionreason":"None","flowclientsuspensiontime":null,"flowclientsuspensionreasondetails":null,"creator":{"id":"bec54ae5-ef72-434f-8775-861913144f00","type":"User","tenantId":"a91a37b1-90bd-49d0-92e0-21de75792d29"},"provisioningMethod":"FromDefinition","failureAlertSubscription":true,"clientLastModifiedTime":"2024-07-28T14:29:46.0913033Z","connectionKeySavedTimeKey":"2024-07-28T14:29:46.0913033Z"},"$schema":"https://schema.management.azure.com/providers/Microsoft.Logic/schemas/2016-06-01/workflowdefinition.json#","contentVersion":"1.0.0.0","parameters":{"$authentication":{"defaultValue":{},"type":"SecureObject"},"$connections":{"defaultValue":{},"type":"Object"}},"triggers":{"When_an_item_is_created":{"recurrence":{"frequency":"Minute","interval":1},"splitOn":"@triggerOutputs()?['body/value']","type":"OpenApiConnection","inputs":{"parameters":{"dataset":"https://fe27.sharepoint.com/sites/PowerAppsTraining","table":"85fb2ae7-d8ed-4c54-8fa9-f81a535bd6d2"},"host":{"apiId":"/providers/Microsoft.PowerApps/apis/shared_sharepointonline","connectionName":"shared_sharepointonline","operationId":"GetOnNewItems"},"authentication":"@parameters('$authentication')"}}},"actions":{"varRequestTitle":{"runAfter":{"varDocumentContent":["Succeeded"]},"type":"InitializeVariable","inputs":{"variables":[{"name":"varRequestTitle","type":"string","value":"@triggerBody()?['Title']"}]}},"Start_and_wait_for_an_approval":{"runAfter":{"varRequestTitle":["Succeeded"]},"type":"OpenApiConnectionWebhook","inputs":{"parameters":{"approvalType":"BasicAwaitAll","WebhookApprovalCreationInput/title":"Leave request from @{triggerBody()?['Author']?['DisplayName']}","WebhookApprovalCreationInput/assignedTo":"swami@fe27.onmicrosoft.com;user1@fe27.onmicrosoft.com","WebhookApprovalCreationInput/enableNotifications":true,"WebhookApprovalCreationInput/enableReassignment":false},"host":{"apiId":"/providers/Microsoft.PowerApps/apis/shared_approvals","connectionName":"shared_approvals","operationId":"StartAndWaitForAnApproval"},"authentication":"@parameters('$authentication')"}},"Create_file_in_SharePoint_document_library":{"runAfter":{"Convert_file_using_path_HTML_to_PDF":["Succeeded"]},"type":"OpenApiConnection","inputs":{"parameters":{"dataset":"https://fe27.sharepoint.com/sites/PowerAppsTraining","folderPath":"/Shared Documents","name":"Approval_Details_@{utcNow()}.pdf","body":"@body('Convert_file_using_path_HTML_to_PDF')"},"host":{"apiId":"/providers/Microsoft.PowerApps/apis/shared_sharepointonline","connectionName":"shared_sharepointonline","operationId":"CreateFile"},"authentication":"@parameters('$authentication')"},"runtimeConfiguration":{"contentTransfer":{"transferMode":"Chunked"}}},"Create_HTML_file":{"runAfter":{"For_each":["Succeeded"]},"type":"OpenApiConnection","inputs":{"parameters":{"folderPath":"/Approvals Document","name":"@{utcNow()}.html","body":"<!DOCTYPE html>\n<html lang=\"en\">\n<head>\n    <meta charset=\"UTF-8\">\n    <meta name=\"viewport\" content=\"width=device-width, initial-scale=1.0\">\n    <title>Approval Details</title>\n    <style>\n        body {\n           color: #333;\n            margin: 0;\n            padding: 20px;\n            background-color: #f4f4f4;\n        }\n        h2 {\n            color: #007BFF;\n            border-bottom: 2px solid #007BFF;\n            padding-bottom: 10px;\n        }\n        p {\n            font-size: 16px;\n            line-height: 1.5;\n        }\n        .bold {\n            font-weight: bold;\n        }\n        .container {\n            background-color: #fff;\n            border-radius: 8px;\n            box-shadow: 0 2px 5px rgba(0, 0, 0, 0.1);\n            padding: 20px;\n            margin: 20px 0;\n        }\n        .divider {\n            margin: 20px 0;\n            border-top: 1px solid #ddd;\n        }\n    </style>\n</head>\n<body>\n <div class=\"container\">\n  <h2>@{last(split(body('Start_and_wait_for_an_approval')?['outcome'],','))}: @{body('Start_and_wait_for_an_approval')?['title']}</h2>\n\n</div>\n    <div class=\"container\">\n      \n<p>Title: @{triggerBody()?['Title']}</p>\n<p>Start date: @{formatDateTime(triggerBody()?['StartDate'],'g')}</p>\n<p>End date: @{formatDateTime(triggerBody()?['EndDate'],'g')}</p>\n<p>Leave type: @{triggerBody()?['LeaveType']?['Value']}</p>\n<p>Requestor's comment: @{triggerBody()?['RequestorComment']}</p>\n\n</div>\n    <div class=\"container\">\n<b>Final response: @{body('Start_and_wait_for_an_approval')?['outcome']}</b><br>\n       @{variables('varDocumentContent')}\n    </div>\n</body>\n</html>"},"host":{"apiId":"/providers/Microsoft.PowerApps/apis/shared_onedriveforbusiness","connectionName":"shared_onedriveforbusiness","operationId":"CreateFile"},"authentication":"@parameters('$authentication')"},"runtimeConfiguration":{"contentTransfer":{"transferMode":"Chunked"}}},"Convert_file_using_path_HTML_to_PDF":{"runAfter":{"Create_HTML_file":["Succeeded"]},"type":"OpenApiConnection","inputs":{"parameters":{"path":"@outputs('Create_HTML_file')?['body/Path']","type":"PDF"},"host":{"apiId":"/providers/Microsoft.PowerApps/apis/shared_onedriveforbusiness","connectionName":"shared_onedriveforbusiness","operationId":"ConvertFileByPath"},"authentication":"@parameters('$authentication')"}},"varDocumentContent":{"runAfter":{},"type":"InitializeVariable","inputs":{"variables":[{"name":"varDocumentContent","type":"string"}]}},"For_each":{"foreach":"@outputs('Start_and_wait_for_an_approval')?['body']?['responses']","actions":{"Append_to_string_variable":{"type":"AppendToStringVariable","inputs":{"name":"varDocumentContent","value":"<p><b>Approver name:</b> @{items('For_each')?['responder']?['displayName']}<p>\n<p><b>Approver email:</b> @{item()?['responder']?['email']}<p>\n<p><b>Request date:</b> @{formatDateTime(body('Start_and_wait_for_an_approval')?['requestDate'],'g')}<p>\n<p><b>Request date:</b> @{formatDateTime(body('Start_and_wait_for_an_approval')?['completionDate'],'g')}<p>\n<p><b>Response:</b> @{item()?['approverResponse']}<p>\n<p><b>Approver comment:</b> @{item()?['comments']}<p>\n<hr/><br>"}}},"runAfter":{"Start_and_wait_for_an_approval":["Succeeded"]},"type":"Foreach"},"Check_the_approval_status":{"actions":{"Send_an_email_when_request_is_rejected":{"type":"OpenApiConnection","inputs":{"parameters":{"emailMessage/To":"@triggerBody()?['Author']?['Email']","emailMessage/Subject":"Leave request rejected","emailMessage/Body":"<p class=\"editor-paragraph\">Hi @{triggerBody()?['Author']?['DisplayName']},</p>\n<p class=\"editor-paragraph\"></p><br>\n<p class=\"editor-paragraph\">Your leave request has been rejected. Please find the details of your request below.</p><br>\n<p>Title: @{triggerBody()?['Title']}</p>\n<p>Start date: @{formatDateTime(triggerBody()?['StartDate'],'g')}</p>\n<p>End date: @{formatDateTime(triggerBody()?['EndDate'],'g')}</p>\n<p>Leave type: @{triggerBody()?['LeaveType']?['Value']}</p>\n<p>Requestor's comment: @{triggerBody()?['RequestorComment']}</p>\n<p class=\"editor-paragraph\"></p><br>\n<p>Approval summay also attached in mail. Please check</p>","emailMessage/Attachments":[{"Name":"@outputs('Create_file_in_SharePoint_document_library')?['body/Name']","ContentBytes":"@body('Convert_file_using_path_HTML_to_PDF')"}],"emailMessage/Importance":"Normal"},"host":{"apiId":"/providers/Microsoft.PowerApps/apis/shared_office365","connectionName":"shared_office365","operationId":"SendEmailV2"},"authentication":"@parameters('$authentication')"}}},"runAfter":{"Create_file_in_SharePoint_document_library":["Succeeded"]},"else":{"actions":{"Send_an_email_when_request_is_approved":{"type":"OpenApiConnection","inputs":{"parameters":{"emailMessage/To":"@triggerBody()?['Author']?['Email']","emailMessage/Subject":"Leave request approved","emailMessage/Body":"<p class=\"editor-paragraph\">Hi @{triggerBody()?['Author']?['DisplayName']},</p><p class=\"editor-paragraph\"></p><br><p class=\"editor-paragraph\">Your leave request has been approved. Please find the details of your request below.</p><br><p class=\"editor-paragraph\">Title: @{triggerBody()?['Title']}</p><p class=\"editor-paragraph\">Start date: @{formatDateTime(triggerBody()?['StartDate'],'g')}</p><p class=\"editor-paragraph\">End date: @{formatDateTime(triggerBody()?['EndDate'],'g')}</p><p class=\"editor-paragraph\">Leave type: @{triggerBody()?['LeaveType']?['Value']}</p><p class=\"editor-paragraph\">Requestor's comment: @{triggerBody()?['RequestorComment']}</p><p class=\"editor-paragraph\"></p><br><p class=\"editor-paragraph\">Approval summay also attached in mail. Please check</p>","emailMessage/Attachments":[{"Name":"@outputs('Create_file_in_SharePoint_document_library')?['body/Name']","ContentBytes":"@body('Convert_file_using_path_HTML_to_PDF')"}],"emailMessage/Importance":"Normal"},"host":{"apiId":"/providers/Microsoft.PowerApps/apis/shared_office365","connectionName":"shared_office365","operationId":"SendEmailV2"},"authentication":"@parameters('$authentication')"}}}},"expression":{"and":[{"contains":["@body('Start_and_wait_for_an_approval')?['outcome']","Reject"]}]},"type":"If"}},"outputs":{}},"connectionReferences":{"shared_sharepointonline":{"connectionName":"shared-sharepointonl-18e6a980-2436-4172-8bc0-d08eeba91c03","source":"Embedded","id":"/providers/Microsoft.PowerApps/apis/shared_sharepointonline","tier":"NotSpecified"},"shared_approvals":{"connectionName":"shared-approvals-20ac8ebf-164f-4558-af57-32d12e2a3b8e","source":"Embedded","id":"/providers/Microsoft.PowerApps/apis/shared_approvals","tier":"NotSpecified"},"shared_onedriveforbusiness":{"connectionName":"shared-onedriveforbu-dbf45e64-c25e-43b0-9b12-d7c67973e837","source":"Embedded","id":"/providers/Microsoft.PowerApps/apis/shared_onedriveforbusiness","tier":"NotSpecified"},"shared_office365":{"connectionName":"shared-office365-a5505213-9fc7-47ab-b59a-9a3baa23fdee","source":"Embedded","id":"/providers/Microsoft.PowerApps/apis/shared_office365","tier":"NotSpecified"}},"flowFailureAlertSubscribed":false,"isManaged":false}}